{"cameraMode":{"drawMode":0,"name":"Shaded","section":"Shading Mode"},"sceneLighting":true,"audioPlay":false,"sceneViewState":{"m_AlwaysRefresh":false,"showFog":true,"showSkybox":true,"showFlares":true,"showImageEffects":false,"showParticleSystems":true,"showVisualEffectGraphs":true,"m_FxEnabled":true},"in2DMode":false,"pivot":{"x":-8.214046478271485,"y":-15.535411834716797,"z":-58.15697479248047},"rotation":{"x":-0.0006506897043436766,"y":0.9905565977096558,"z":-0.13726802170276643,"w":-0.004732197616249323},"size":34.36531448364258,"orthographic":false}