{"cameraMode":{"drawMode":0,"name":"Shaded","section":"Shading Mode"},"sceneLighting":false,"audioPlay":false,"sceneViewState":{"m_AlwaysRefresh":false,"showFog":true,"showSkybox":true,"showFlares":true,"showImageEffects":false,"showParticleSystems":true,"showVisualEffectGraphs":true,"m_FxEnabled":true},"in2DMode":false,"pivot":{"x":-1.137939453125,"y":-1.7704172134399415,"z":-39.44512176513672},"rotation":{"x":0.00024854965158738196,"y":-0.9995879530906677,"z":0.029095616191625596,"w":0.008065307512879372},"size":16.548118591308595,"orthographic":false}