{"cameraMode":{"drawMode":0,"name":"Shaded","section":"Shading Mode"},"sceneLighting":false,"audioPlay":false,"sceneViewState":{"m_AlwaysRefresh":false,"showFog":false,"showSkybox":false,"showFlares":false,"showImageEffects":false,"showParticleSystems":false,"showVisualEffectGraphs":true,"m_FxEnabled":true},"in2DMode":false,"pivot":{"x":-1.1920928955078126e-7,"y":0.9186253547668457,"z":0.026352383196353914},"rotation":{"x":0.07392506301403046,"y":0.913733184337616,"z":-0.19303549826145173,"w":0.3499150574207306},"size":1.2176995277404786,"orthographic":false}